,image_name,Good,Usable,Reject
0,10_left,0.043784786,0.8895887,0.09871887
1,10_right,0.028570784,0.13502838,0.8482238
2,13_left,0.98759115,0.00996482,0.008266417
3,13_right,0.98759055,0.00996435,0.008266874
4,15_left,0.6074454,0.36119,0.020760715
5,15_right,0.98085177,0.015464752,0.009433215
6,16_left,0.04408182,0.9494273,0.05078445
7,16_right,0.9702709,0.025555095,0.006824404
8,17_left,0.98759127,0.009964849,0.008266385
9,17_right,0.98759115,0.009964773,0.008266459
